image,noise_type,denoising_method,strength,mu,psnr,ssim,output_path
airplaneU2.bmp,salt_pepper,TV,0.1,0.001,31.91832008628882,0.05569950918712618,Testing2\airplaneU2_salt_pepper_s0.1_m0.001_TV.png
airplaneU2.bmp,salt_pepper,Moreau-Yosida,0.1,0.001,31.356267027542263,0.06323334835313776,Testing2\airplaneU2_salt_pepper_s0.1_m0.001_MoreauYosida.png
airplaneU2.bmp,salt_pepper,TV,0.2,0.002,30.864252989677436,0.048100815744592886,Testing2\airplaneU2_salt_pepper_s0.2_m0.002_TV.png
airplaneU2.bmp,salt_pepper,Moreau-Yosida,0.2,0.002,31.58232195121929,0.060555237979725916,Testing2\airplaneU2_salt_pepper_s0.2_m0.002_MoreauYosida.png
airplaneU2.bmp,salt_pepper,TV,0.3,0.003,30.73015407448554,0.039842261358761434,Testing2\airplaneU2_salt_pepper_s0.3_m0.003_TV.png
airplaneU2.bmp,salt_pepper,Moreau-Yosida,0.3,0.003,31.819063135167124,0.058431189891803244,Testing2\airplaneU2_salt_pepper_s0.3_m0.003_MoreauYosida.png
airplaneU2.bmp,salt_pepper,TV,0.4,0.004,30.620253395651048,0.03450874633089226,Testing2\airplaneU2_salt_pepper_s0.4_m0.004_TV.png
airplaneU2.bmp,salt_pepper,Moreau-Yosida,0.4,0.004,32.00937706746516,0.056955929464335454,Testing2\airplaneU2_salt_pepper_s0.4_m0.004_MoreauYosida.png
airplaneU2.bmp,salt_pepper,TV,0.5,0.005,30.544389241181346,0.0311200089201625,Testing2\airplaneU2_salt_pepper_s0.5_m0.005_TV.png
airplaneU2.bmp,salt_pepper,Moreau-Yosida,0.5,0.005,32.0840998884629,0.055843973921169514,Testing2\airplaneU2_salt_pepper_s0.5_m0.005_MoreauYosida.png
airplaneU2.bmp,salt_pepper,TV,0.6,0.006,30.455733027227176,0.028175003067845934,Testing2\airplaneU2_salt_pepper_s0.6_m0.006_TV.png
airplaneU2.bmp,salt_pepper,Moreau-Yosida,0.6,0.006,32.20590114823139,0.05460599458534622,Testing2\airplaneU2_salt_pepper_s0.6_m0.006_MoreauYosida.png
airplaneU2.bmp,salt_pepper,TV,0.7000000000000001,0.007,30.424004416454604,0.026599955823851724,Testing2\airplaneU2_salt_pepper_s0.7_m0.007_TV.png
airplaneU2.bmp,salt_pepper,Moreau-Yosida,0.7000000000000001,0.007,32.2887794260633,0.05364503229550517,Testing2\airplaneU2_salt_pepper_s0.7_m0.007_MoreauYosida.png
airplaneU2.bmp,salt_pepper,TV,0.8,0.008,30.40125659441309,0.02527329873143271,Testing2\airplaneU2_salt_pepper_s0.8_m0.008_TV.png
airplaneU2.bmp,salt_pepper,Moreau-Yosida,0.8,0.008,32.41218431037207,0.052903479579255404,Testing2\airplaneU2_salt_pepper_s0.8_m0.008_MoreauYosida.png
airplaneU2.bmp,salt_pepper,TV,0.9000000000000001,0.009000000000000001,30.393324024441142,0.024382393481829738,Testing2\airplaneU2_salt_pepper_s0.9_m0.009_TV.png
airplaneU2.bmp,salt_pepper,Moreau-Yosida,0.9000000000000001,0.009000000000000001,32.46867982213507,0.05236542299115153,Testing2\airplaneU2_salt_pepper_s0.9_m0.009_MoreauYosida.png
airplaneU2.bmp,salt_pepper,TV,1.0000000000000002,0.010000000000000002,30.359314319498974,0.023169517164814486,Testing2\airplaneU2_salt_pepper_s1.0_m0.010_TV.png
airplaneU2.bmp,salt_pepper,Moreau-Yosida,1.0000000000000002,0.010000000000000002,32.512535633400475,0.051922129451881065,Testing2\airplaneU2_salt_pepper_s1.0_m0.010_MoreauYosida.png
airplaneU2.bmp,gaussian,TV,0.1,0.001,33.37356765190756,0.07313870872418093,Testing2\airplaneU2_gaussian_s0.1_m0.001_TV.png
airplaneU2.bmp,gaussian,Moreau-Yosida,0.1,0.001,32.54720892911391,0.297993147469486,Testing2\airplaneU2_gaussian_s0.1_m0.001_MoreauYosida.png
airplaneU2.bmp,gaussian,TV,0.2,0.002,33.07329881029277,0.05294713466343912,Testing2\airplaneU2_gaussian_s0.2_m0.002_TV.png
airplaneU2.bmp,gaussian,Moreau-Yosida,0.2,0.002,32.56412963759696,0.2485443356547526,Testing2\airplaneU2_gaussian_s0.2_m0.002_MoreauYosida.png
airplaneU2.bmp,gaussian,TV,0.3,0.003,32.893160551154054,0.0429969540654896,Testing2\airplaneU2_gaussian_s0.3_m0.003_TV.png
airplaneU2.bmp,gaussian,Moreau-Yosida,0.3,0.003,32.630670239449195,0.2853113162660717,Testing2\airplaneU2_gaussian_s0.3_m0.003_MoreauYosida.png
airplaneU2.bmp,gaussian,TV,0.4,0.004,32.7595078480056,0.03688621315624882,Testing2\airplaneU2_gaussian_s0.4_m0.004_TV.png
airplaneU2.bmp,gaussian,Moreau-Yosida,0.4,0.004,32.641052660290356,0.24510831596240226,Testing2\airplaneU2_gaussian_s0.4_m0.004_MoreauYosida.png
airplaneU2.bmp,gaussian,TV,0.5,0.005,32.6477270293189,0.03288241599177227,Testing2\airplaneU2_gaussian_s0.5_m0.005_TV.png
airplaneU2.bmp,gaussian,Moreau-Yosida,0.5,0.005,32.69807029448541,0.2775023504256529,Testing2\airplaneU2_gaussian_s0.5_m0.005_MoreauYosida.png
airplaneU2.bmp,gaussian,TV,0.6,0.006,32.562003314008805,0.030145560935180955,Testing2\airplaneU2_gaussian_s0.6_m0.006_TV.png
airplaneU2.bmp,gaussian,Moreau-Yosida,0.6,0.006,32.717407478378185,0.3053328143600849,Testing2\airplaneU2_gaussian_s0.6_m0.006_MoreauYosida.png
airplaneU2.bmp,gaussian,TV,0.7000000000000001,0.007,32.48962801288723,0.02807599197976662,Testing2\airplaneU2_gaussian_s0.7_m0.007_TV.png
airplaneU2.bmp,gaussian,Moreau-Yosida,0.7000000000000001,0.007,32.75754198177864,0.27335649964229514,Testing2\airplaneU2_gaussian_s0.7_m0.007_MoreauYosida.png
airplaneU2.bmp,gaussian,TV,0.8,0.008,32.45253638671687,0.026910602823594833,Testing2\airplaneU2_gaussian_s0.8_m0.008_TV.png
airplaneU2.bmp,gaussian,Moreau-Yosida,0.8,0.008,32.77776807869413,0.2988079385673206,Testing2\airplaneU2_gaussian_s0.8_m0.008_MoreauYosida.png
airplaneU2.bmp,gaussian,TV,0.9000000000000001,0.009000000000000001,32.395173085262265,0.025265577483520135,Testing2\airplaneU2_gaussian_s0.9_m0.009_TV.png
airplaneU2.bmp,gaussian,Moreau-Yosida,0.9000000000000001,0.009000000000000001,32.81353533111535,0.2715231135903719,Testing2\airplaneU2_gaussian_s0.9_m0.009_MoreauYosida.png
airplaneU2.bmp,gaussian,TV,1.0000000000000002,0.010000000000000002,32.361255328109365,0.024562414207202208,Testing2\airplaneU2_gaussian_s1.0_m0.010_TV.png
airplaneU2.bmp,gaussian,Moreau-Yosida,1.0000000000000002,0.010000000000000002,32.830186013421915,0.29464299833840724,Testing2\airplaneU2_gaussian_s1.0_m0.010_MoreauYosida.png
cablecar.bmp,salt_pepper,TV,0.1,0.001,30.12690608041013,0.2415383322941729,Testing2\cablecar_salt_pepper_s0.1_m0.001_TV.png
cablecar.bmp,salt_pepper,Moreau-Yosida,0.1,0.001,37.116303925478185,0.31747718260983265,Testing2\cablecar_salt_pepper_s0.1_m0.001_MoreauYosida.png
cablecar.bmp,salt_pepper,TV,0.2,0.002,29.22766271141711,0.1714706494185985,Testing2\cablecar_salt_pepper_s0.2_m0.002_TV.png
cablecar.bmp,salt_pepper,Moreau-Yosida,0.2,0.002,37.41584602348955,0.3199261331692473,Testing2\cablecar_salt_pepper_s0.2_m0.002_MoreauYosida.png
cablecar.bmp,salt_pepper,TV,0.3,0.003,28.926339279966733,0.12590855110025995,Testing2\cablecar_salt_pepper_s0.3_m0.003_TV.png
cablecar.bmp,salt_pepper,Moreau-Yosida,0.3,0.003,38.01571728858859,0.3233090656934253,Testing2\cablecar_salt_pepper_s0.3_m0.003_MoreauYosida.png
cablecar.bmp,salt_pepper,TV,0.4,0.004,28.763416924264078,0.10349078979559691,Testing2\cablecar_salt_pepper_s0.4_m0.004_TV.png
cablecar.bmp,salt_pepper,Moreau-Yosida,0.4,0.004,38.23510263378931,0.32533600535262325,Testing2\cablecar_salt_pepper_s0.4_m0.004_MoreauYosida.png
cablecar.bmp,salt_pepper,TV,0.5,0.005,28.604466553083114,0.08933233343589991,Testing2\cablecar_salt_pepper_s0.5_m0.005_TV.png
cablecar.bmp,salt_pepper,Moreau-Yosida,0.5,0.005,38.46778181557673,0.3263332727617988,Testing2\cablecar_salt_pepper_s0.5_m0.005_MoreauYosida.png
cablecar.bmp,salt_pepper,TV,0.6,0.006,28.5044015971941,0.07900014143442922,Testing2\cablecar_salt_pepper_s0.6_m0.006_TV.png
cablecar.bmp,salt_pepper,Moreau-Yosida,0.6,0.006,38.653827637798834,0.32801023662417245,Testing2\cablecar_salt_pepper_s0.6_m0.006_MoreauYosida.png
cablecar.bmp,salt_pepper,TV,0.7000000000000001,0.007,28.40800871168841,0.06930563168982985,Testing2\cablecar_salt_pepper_s0.7_m0.007_TV.png
cablecar.bmp,salt_pepper,Moreau-Yosida,0.7000000000000001,0.007,38.89357241136383,0.33015751757139433,Testing2\cablecar_salt_pepper_s0.7_m0.007_MoreauYosida.png
cablecar.bmp,salt_pepper,TV,0.8,0.008,28.348501770685672,0.06439496250879938,Testing2\cablecar_salt_pepper_s0.8_m0.008_TV.png
cablecar.bmp,salt_pepper,Moreau-Yosida,0.8,0.008,39.05415768031766,0.33064793009368404,Testing2\cablecar_salt_pepper_s0.8_m0.008_MoreauYosida.png
cablecar.bmp,salt_pepper,TV,0.9000000000000001,0.009000000000000001,28.28893297397427,0.05943935506678392,Testing2\cablecar_salt_pepper_s0.9_m0.009_TV.png
cablecar.bmp,salt_pepper,Moreau-Yosida,0.9000000000000001,0.009000000000000001,39.175147577975245,0.33208972544470045,Testing2\cablecar_salt_pepper_s0.9_m0.009_MoreauYosida.png
cablecar.bmp,salt_pepper,TV,1.0000000000000002,0.010000000000000002,28.240943595353368,0.055299211644652534,Testing2\cablecar_salt_pepper_s1.0_m0.010_TV.png
cablecar.bmp,salt_pepper,Moreau-Yosida,1.0000000000000002,0.010000000000000002,30.3710964101235,0.226932356282923,Testing2\cablecar_salt_pepper_s1.0_m0.010_MoreauYosida.png
cablecar.bmp,gaussian,TV,0.1,0.001,30.982932255699154,0.29339616867747975,Testing2\cablecar_gaussian_s0.1_m0.001_TV.png
cablecar.bmp,gaussian,Moreau-Yosida,0.1,0.001,32.57716296606989,0.590915175716523,Testing2\cablecar_gaussian_s0.1_m0.001_MoreauYosida.png
cablecar.bmp,gaussian,TV,0.2,0.002,30.2459511225408,0.18443629883693327,Testing2\cablecar_gaussian_s0.2_m0.002_TV.png
cablecar.bmp,gaussian,Moreau-Yosida,0.2,0.002,32.53487311019688,0.5824003035292439,Testing2\cablecar_gaussian_s0.2_m0.002_MoreauYosida.png
cablecar.bmp,gaussian,TV,0.3,0.003,29.881747675873257,0.13704808466602816,Testing2\cablecar_gaussian_s0.3_m0.003_TV.png
cablecar.bmp,gaussian,Moreau-Yosida,0.3,0.003,32.64622411764246,0.5934571566594694,Testing2\cablecar_gaussian_s0.3_m0.003_MoreauYosida.png
cablecar.bmp,gaussian,TV,0.4,0.004,29.65128156551231,0.11197824493414842,Testing2\cablecar_gaussian_s0.4_m0.004_TV.png
cablecar.bmp,gaussian,Moreau-Yosida,0.4,0.004,32.61229663155645,0.5864416131199329,Testing2\cablecar_gaussian_s0.4_m0.004_MoreauYosida.png
cablecar.bmp,gaussian,TV,0.5,0.005,29.451783766284578,0.09617206164059135,Testing2\cablecar_gaussian_s0.5_m0.005_TV.png
cablecar.bmp,gaussian,Moreau-Yosida,0.5,0.005,32.70005275660544,0.5956842550243556,Testing2\cablecar_gaussian_s0.5_m0.005_MoreauYosida.png
cablecar.bmp,gaussian,TV,0.6,0.006,29.265891307960736,0.0839755202390124,Testing2\cablecar_gaussian_s0.6_m0.006_TV.png
cablecar.bmp,gaussian,Moreau-Yosida,0.6,0.006,32.677026145409975,0.5898494415139114,Testing2\cablecar_gaussian_s0.6_m0.006_MoreauYosida.png
cablecar.bmp,gaussian,TV,0.7000000000000001,0.007,29.151227596010358,0.07464334729176497,Testing2\cablecar_gaussian_s0.7_m0.007_TV.png
cablecar.bmp,gaussian,Moreau-Yosida,0.7000000000000001,0.007,30.41957430997315,0.17654219813292182,Testing2\cablecar_gaussian_s0.7_m0.007_MoreauYosida.png
cablecar.bmp,gaussian,TV,0.8,0.008,29.082190227811854,0.06898339606647659,Testing2\cablecar_gaussian_s0.8_m0.008_TV.png
cablecar.bmp,gaussian,Moreau-Yosida,0.8,0.008,30.442411161691982,0.18142073464813224,Testing2\cablecar_gaussian_s0.8_m0.008_MoreauYosida.png
cablecar.bmp,gaussian,TV,0.9000000000000001,0.009000000000000001,29.002974184999772,0.06343170366375604,Testing2\cablecar_gaussian_s0.9_m0.009_TV.png
cablecar.bmp,gaussian,Moreau-Yosida,0.9000000000000001,0.009000000000000001,30.449176027063423,0.18369271383320068,Testing2\cablecar_gaussian_s0.9_m0.009_MoreauYosida.png
cablecar.bmp,gaussian,TV,1.0000000000000002,0.010000000000000002,28.937638965832335,0.058352421834543075,Testing2\cablecar_gaussian_s1.0_m0.010_TV.png
cablecar.bmp,gaussian,Moreau-Yosida,1.0000000000000002,0.010000000000000002,30.51082637030944,0.19221621499517602,Testing2\cablecar_gaussian_s1.0_m0.010_MoreauYosida.png
fruits.bmp,salt_pepper,TV,0.1,0.001,31.246945795403214,0.2471388464246157,Testing2\fruits_salt_pepper_s0.1_m0.001_TV.png
fruits.bmp,salt_pepper,Moreau-Yosida,0.1,0.001,37.27587878016039,0.23204106674513195,Testing2\fruits_salt_pepper_s0.1_m0.001_MoreauYosida.png
fruits.bmp,salt_pepper,TV,0.2,0.002,30.37757906933755,0.20598099210255968,Testing2\fruits_salt_pepper_s0.2_m0.002_TV.png
fruits.bmp,salt_pepper,Moreau-Yosida,0.2,0.002,37.643420999799666,0.23557691636802536,Testing2\fruits_salt_pepper_s0.2_m0.002_MoreauYosida.png
fruits.bmp,salt_pepper,TV,0.3,0.003,30.01426767621105,0.16910594382785943,Testing2\fruits_salt_pepper_s0.3_m0.003_TV.png
fruits.bmp,salt_pepper,Moreau-Yosida,0.3,0.003,38.14242400712488,0.23907818888544355,Testing2\fruits_salt_pepper_s0.3_m0.003_MoreauYosida.png
fruits.bmp,salt_pepper,TV,0.4,0.004,29.774579524915403,0.14689806492360452,Testing2\fruits_salt_pepper_s0.4_m0.004_TV.png
fruits.bmp,salt_pepper,Moreau-Yosida,0.4,0.004,38.43169511850429,0.2419459347916002,Testing2\fruits_salt_pepper_s0.4_m0.004_MoreauYosida.png
fruits.bmp,salt_pepper,TV,0.5,0.005,29.61433761467081,0.13263314635783635,Testing2\fruits_salt_pepper_s0.5_m0.005_TV.png
fruits.bmp,salt_pepper,Moreau-Yosida,0.5,0.005,38.669061309491596,0.24357110633581963,Testing2\fruits_salt_pepper_s0.5_m0.005_MoreauYosida.png
fruits.bmp,salt_pepper,TV,0.6,0.006,29.52516193776996,0.12288919281576088,Testing2\fruits_salt_pepper_s0.6_m0.006_TV.png
fruits.bmp,salt_pepper,Moreau-Yosida,0.6,0.006,38.865309726446554,0.2458190807407589,Testing2\fruits_salt_pepper_s0.6_m0.006_MoreauYosida.png
fruits.bmp,salt_pepper,TV,0.7000000000000001,0.007,29.455034530493553,0.11451958325152976,Testing2\fruits_salt_pepper_s0.7_m0.007_TV.png
fruits.bmp,salt_pepper,Moreau-Yosida,0.7000000000000001,0.007,30.43846804718276,0.19343160750366506,Testing2\fruits_salt_pepper_s0.7_m0.007_MoreauYosida.png
fruits.bmp,salt_pepper,TV,0.8,0.008,29.418059955566143,0.1102830286892648,Testing2\fruits_salt_pepper_s0.8_m0.008_TV.png
fruits.bmp,salt_pepper,Moreau-Yosida,0.8,0.008,30.416506064692527,0.19190888094637773,Testing2\fruits_salt_pepper_s0.8_m0.008_MoreauYosida.png
fruits.bmp,salt_pepper,TV,0.9000000000000001,0.009000000000000001,29.353282371987067,0.10506200099290987,Testing2\fruits_salt_pepper_s0.9_m0.009_TV.png
fruits.bmp,salt_pepper,Moreau-Yosida,0.9000000000000001,0.009000000000000001,30.361252308911254,0.1871888828241189,Testing2\fruits_salt_pepper_s0.9_m0.009_MoreauYosida.png
fruits.bmp,salt_pepper,TV,1.0000000000000002,0.010000000000000002,29.308534450942744,0.10159211636613336,Testing2\fruits_salt_pepper_s1.0_m0.010_TV.png
fruits.bmp,salt_pepper,Moreau-Yosida,1.0000000000000002,0.010000000000000002,30.348443839658948,0.1868978826473996,Testing2\fruits_salt_pepper_s1.0_m0.010_MoreauYosida.png
fruits.bmp,gaussian,TV,0.1,0.001,31.856893314703555,0.308632371141478,Testing2\fruits_gaussian_s0.1_m0.001_TV.png
fruits.bmp,gaussian,Moreau-Yosida,0.1,0.001,33.49380343670113,0.5929384940934959,Testing2\fruits_gaussian_s0.1_m0.001_MoreauYosida.png
fruits.bmp,gaussian,TV,0.2,0.002,30.92375738088429,0.2248398652572417,Testing2\fruits_gaussian_s0.2_m0.002_TV.png
fruits.bmp,gaussian,Moreau-Yosida,0.2,0.002,33.52540436750361,0.602130239552889,Testing2\fruits_gaussian_s0.2_m0.002_MoreauYosida.png
fruits.bmp,gaussian,TV,0.3,0.003,30.391278237665603,0.18200502260852566,Testing2\fruits_gaussian_s0.3_m0.003_TV.png
fruits.bmp,gaussian,Moreau-Yosida,0.3,0.003,33.60327191552529,0.5972071836045155,Testing2\fruits_gaussian_s0.3_m0.003_MoreauYosida.png
fruits.bmp,gaussian,TV,0.4,0.004,30.08327215746855,0.15849482238893184,Testing2\fruits_gaussian_s0.4_m0.004_TV.png
fruits.bmp,gaussian,Moreau-Yosida,0.4,0.004,33.640273528473514,0.5916136122296891,Testing2\fruits_gaussian_s0.4_m0.004_MoreauYosida.png
fruits.bmp,gaussian,TV,0.5,0.005,29.917376904489558,0.14267974146123943,Testing2\fruits_gaussian_s0.5_m0.005_TV.png
fruits.bmp,gaussian,Moreau-Yosida,0.5,0.005,33.691699653304,0.6013054230501419,Testing2\fruits_gaussian_s0.5_m0.005_MoreauYosida.png
fruits.bmp,gaussian,TV,0.6,0.006,29.79528861417463,0.13141097666514895,Testing2\fruits_gaussian_s0.6_m0.006_TV.png
fruits.bmp,gaussian,Moreau-Yosida,0.6,0.006,30.954403947283073,0.20558719408650927,Testing2\fruits_gaussian_s0.6_m0.006_MoreauYosida.png
fruits.bmp,gaussian,TV,0.7000000000000001,0.007,29.700066806510257,0.12358335772347334,Testing2\fruits_gaussian_s0.7_m0.007_TV.png
fruits.bmp,gaussian,Moreau-Yosida,0.7000000000000001,0.007,30.985410160036288,0.20727954819385871,Testing2\fruits_gaussian_s0.7_m0.007_MoreauYosida.png
fruits.bmp,gaussian,TV,0.8,0.008,29.590714252409708,0.11608509745608234,Testing2\fruits_gaussian_s0.8_m0.008_TV.png
fruits.bmp,gaussian,Moreau-Yosida,0.8,0.008,31.062574649957103,0.2116234371368682,Testing2\fruits_gaussian_s0.8_m0.008_MoreauYosida.png
fruits.bmp,gaussian,TV,0.9000000000000001,0.009000000000000001,29.518066523010287,0.11041384975609547,Testing2\fruits_gaussian_s0.9_m0.009_TV.png
fruits.bmp,gaussian,Moreau-Yosida,0.9000000000000001,0.009000000000000001,31.115210886805972,0.21601477384321574,Testing2\fruits_gaussian_s0.9_m0.009_MoreauYosida.png
fruits.bmp,gaussian,TV,1.0000000000000002,0.010000000000000002,29.488827721386745,0.10726312856065907,Testing2\fruits_gaussian_s1.0_m0.010_TV.png
fruits.bmp,gaussian,Moreau-Yosida,1.0000000000000002,0.010000000000000002,31.14634420151493,0.21813954972354446,Testing2\fruits_gaussian_s1.0_m0.010_MoreauYosida.png
goldhill.bmp,salt_pepper,TV,0.1,0.001,30.114407394165312,0.250774496646176,Testing2\goldhill_salt_pepper_s0.1_m0.001_TV.png
goldhill.bmp,salt_pepper,Moreau-Yosida,0.1,0.001,29.35990572300122,0.16458764336539722,Testing2\goldhill_salt_pepper_s0.1_m0.001_MoreauYosida.png
goldhill.bmp,salt_pepper,TV,0.2,0.002,29.271317022692905,0.19020790020943942,Testing2\goldhill_salt_pepper_s0.2_m0.002_TV.png
goldhill.bmp,salt_pepper,Moreau-Yosida,0.2,0.002,29.353490887438994,0.16614087765931315,Testing2\goldhill_salt_pepper_s0.2_m0.002_MoreauYosida.png
goldhill.bmp,salt_pepper,TV,0.3,0.003,28.914765153858397,0.14918695977246527,Testing2\goldhill_salt_pepper_s0.3_m0.003_TV.png
goldhill.bmp,salt_pepper,Moreau-Yosida,0.3,0.003,29.349159513857103,0.16680651318264902,Testing2\goldhill_salt_pepper_s0.3_m0.003_MoreauYosida.png
goldhill.bmp,salt_pepper,TV,0.4,0.004,28.794653042123286,0.12487436558948965,Testing2\goldhill_salt_pepper_s0.4_m0.004_TV.png
goldhill.bmp,salt_pepper,Moreau-Yosida,0.4,0.004,29.353968423979147,0.1675419450203185,Testing2\goldhill_salt_pepper_s0.4_m0.004_MoreauYosida.png
goldhill.bmp,salt_pepper,TV,0.5,0.005,28.712261357464584,0.10804045333798057,Testing2\goldhill_salt_pepper_s0.5_m0.005_TV.png
goldhill.bmp,salt_pepper,Moreau-Yosida,0.5,0.005,29.375871541544967,0.16980079676245852,Testing2\goldhill_salt_pepper_s0.5_m0.005_MoreauYosida.png
goldhill.bmp,salt_pepper,TV,0.6,0.006,28.68527365460527,0.09722664506043108,Testing2\goldhill_salt_pepper_s0.6_m0.006_TV.png
goldhill.bmp,salt_pepper,Moreau-Yosida,0.6,0.006,29.387357213711315,0.17193478053627112,Testing2\goldhill_salt_pepper_s0.6_m0.006_MoreauYosida.png
goldhill.bmp,salt_pepper,TV,0.7000000000000001,0.007,28.675582317725915,0.08837833640021053,Testing2\goldhill_salt_pepper_s0.7_m0.007_TV.png
goldhill.bmp,salt_pepper,Moreau-Yosida,0.7000000000000001,0.007,29.38820930709003,0.17222697046321805,Testing2\goldhill_salt_pepper_s0.7_m0.007_MoreauYosida.png
goldhill.bmp,salt_pepper,TV,0.8,0.008,28.63724348347729,0.08250880901276576,Testing2\goldhill_salt_pepper_s0.8_m0.008_TV.png
goldhill.bmp,salt_pepper,Moreau-Yosida,0.8,0.008,29.399838361850858,0.17424318366948327,Testing2\goldhill_salt_pepper_s0.8_m0.008_MoreauYosida.png
goldhill.bmp,salt_pepper,TV,0.9000000000000001,0.009000000000000001,28.610963792043925,0.07805520941685032,Testing2\goldhill_salt_pepper_s0.9_m0.009_TV.png
goldhill.bmp,salt_pepper,Moreau-Yosida,0.9000000000000001,0.009000000000000001,29.408500595492786,0.1760641203136618,Testing2\goldhill_salt_pepper_s0.9_m0.009_MoreauYosida.png
goldhill.bmp,salt_pepper,TV,1.0000000000000002,0.010000000000000002,28.574935964258565,0.07409645680168718,Testing2\goldhill_salt_pepper_s1.0_m0.010_TV.png
goldhill.bmp,salt_pepper,Moreau-Yosida,1.0000000000000002,0.010000000000000002,29.401383176033285,0.17591179950355953,Testing2\goldhill_salt_pepper_s1.0_m0.010_MoreauYosida.png
goldhill.bmp,gaussian,TV,0.1,0.001,30.768826990331828,0.30188560343185655,Testing2\goldhill_gaussian_s0.1_m0.001_TV.png
goldhill.bmp,gaussian,Moreau-Yosida,0.1,0.001,31.956884325158207,0.550887510955998,Testing2\goldhill_gaussian_s0.1_m0.001_MoreauYosida.png
goldhill.bmp,gaussian,TV,0.2,0.002,29.976318183628493,0.20407166321537457,Testing2\goldhill_gaussian_s0.2_m0.002_TV.png
goldhill.bmp,gaussian,Moreau-Yosida,0.2,0.002,32.10685708908117,0.5756366743832583,Testing2\goldhill_gaussian_s0.2_m0.002_MoreauYosida.png
goldhill.bmp,gaussian,TV,0.3,0.003,29.5608203499166,0.16061586403225334,Testing2\goldhill_gaussian_s0.3_m0.003_TV.png
goldhill.bmp,gaussian,Moreau-Yosida,0.3,0.003,29.890273188957586,0.1691383227239828,Testing2\goldhill_gaussian_s0.3_m0.003_MoreauYosida.png
goldhill.bmp,gaussian,TV,0.4,0.004,29.255845363572885,0.13468424379124896,Testing2\goldhill_gaussian_s0.4_m0.004_TV.png
goldhill.bmp,gaussian,Moreau-Yosida,0.4,0.004,29.942438448105086,0.17479382482540798,Testing2\goldhill_gaussian_s0.4_m0.004_MoreauYosida.png
goldhill.bmp,gaussian,TV,0.5,0.005,29.015575167230374,0.11678224519942786,Testing2\goldhill_gaussian_s0.5_m0.005_TV.png
goldhill.bmp,gaussian,Moreau-Yosida,0.5,0.005,29.980495660153505,0.1785955017119993,Testing2\goldhill_gaussian_s0.5_m0.005_MoreauYosida.png
goldhill.bmp,gaussian,TV,0.6,0.006,28.91819382072153,0.10425875889599423,Testing2\goldhill_gaussian_s0.6_m0.006_TV.png
goldhill.bmp,gaussian,Moreau-Yosida,0.6,0.006,29.99913865229605,0.18088543596323295,Testing2\goldhill_gaussian_s0.6_m0.006_MoreauYosida.png
goldhill.bmp,gaussian,TV,0.7000000000000001,0.007,28.811465696686447,0.09501769755989944,Testing2\goldhill_gaussian_s0.7_m0.007_TV.png
goldhill.bmp,gaussian,Moreau-Yosida,0.7000000000000001,0.007,30.06336754166851,0.18708901465034508,Testing2\goldhill_gaussian_s0.7_m0.007_MoreauYosida.png
goldhill.bmp,gaussian,TV,0.8,0.008,28.751665758507837,0.08872404259990146,Testing2\goldhill_gaussian_s0.8_m0.008_TV.png
goldhill.bmp,gaussian,Moreau-Yosida,0.8,0.008,30.10542987612952,0.1917452401111842,Testing2\goldhill_gaussian_s0.8_m0.008_MoreauYosida.png
goldhill.bmp,gaussian,TV,0.9000000000000001,0.009000000000000001,28.731491044402414,0.08383620320878173,Testing2\goldhill_gaussian_s0.9_m0.009_TV.png
goldhill.bmp,gaussian,Moreau-Yosida,0.9000000000000001,0.009000000000000001,30.12823614790379,0.19466391935280253,Testing2\goldhill_gaussian_s0.9_m0.009_MoreauYosida.png
goldhill.bmp,gaussian,TV,1.0000000000000002,0.010000000000000002,28.725753568497513,0.07974687190393366,Testing2\goldhill_gaussian_s1.0_m0.010_TV.png
goldhill.bmp,gaussian,Moreau-Yosida,1.0000000000000002,0.010000000000000002,30.167443392286874,0.19948302303596396,Testing2\goldhill_gaussian_s1.0_m0.010_MoreauYosida.png
Malamute.bmp,salt_pepper,TV,0.1,0.001,29.851963767870004,0.32088676882612527,Testing2\Malamute_salt_pepper_s0.1_m0.001_TV.png
Malamute.bmp,salt_pepper,Moreau-Yosida,0.1,0.001,37.59471596724816,0.35833965340417634,Testing2\Malamute_salt_pepper_s0.1_m0.001_MoreauYosida.png
Malamute.bmp,salt_pepper,TV,0.2,0.002,29.185132968234264,0.23679115465961997,Testing2\Malamute_salt_pepper_s0.2_m0.002_TV.png
Malamute.bmp,salt_pepper,Moreau-Yosida,0.2,0.002,37.93867950457282,0.3600449953646204,Testing2\Malamute_salt_pepper_s0.2_m0.002_MoreauYosida.png
Malamute.bmp,salt_pepper,TV,0.3,0.003,28.948795965065823,0.18691710974623013,Testing2\Malamute_salt_pepper_s0.3_m0.003_TV.png
Malamute.bmp,salt_pepper,Moreau-Yosida,0.3,0.003,29.118904724783576,0.19662449057369488,Testing2\Malamute_salt_pepper_s0.3_m0.003_MoreauYosida.png
Malamute.bmp,salt_pepper,TV,0.4,0.004,28.797336639493803,0.15861402647626935,Testing2\Malamute_salt_pepper_s0.4_m0.004_TV.png
Malamute.bmp,salt_pepper,Moreau-Yosida,0.4,0.004,29.127978740360348,0.19849640837480106,Testing2\Malamute_salt_pepper_s0.4_m0.004_MoreauYosida.png
Malamute.bmp,salt_pepper,TV,0.5,0.005,28.687147919395724,0.14052993530806027,Testing2\Malamute_salt_pepper_s0.5_m0.005_TV.png
Malamute.bmp,salt_pepper,Moreau-Yosida,0.5,0.005,29.12865276240051,0.19901793893990224,Testing2\Malamute_salt_pepper_s0.5_m0.005_MoreauYosida.png
Malamute.bmp,salt_pepper,TV,0.6,0.006,28.607777057301185,0.12672838464564046,Testing2\Malamute_salt_pepper_s0.6_m0.006_TV.png
Malamute.bmp,salt_pepper,Moreau-Yosida,0.6,0.006,29.142052856754667,0.20227791842921386,Testing2\Malamute_salt_pepper_s0.6_m0.006_MoreauYosida.png
Malamute.bmp,salt_pepper,TV,0.7000000000000001,0.007,28.553316150334656,0.11748745027178782,Testing2\Malamute_salt_pepper_s0.7_m0.007_TV.png
Malamute.bmp,salt_pepper,Moreau-Yosida,0.7000000000000001,0.007,29.15748474551064,0.20538132738611778,Testing2\Malamute_salt_pepper_s0.7_m0.007_MoreauYosida.png
Malamute.bmp,salt_pepper,TV,0.8,0.008,28.50054013747787,0.10943473137379349,Testing2\Malamute_salt_pepper_s0.8_m0.008_TV.png
Malamute.bmp,salt_pepper,Moreau-Yosida,0.8,0.008,29.15499011193515,0.2058692332733131,Testing2\Malamute_salt_pepper_s0.8_m0.008_MoreauYosida.png
Malamute.bmp,salt_pepper,TV,0.9000000000000001,0.009000000000000001,28.457859155412592,0.10269569174521735,Testing2\Malamute_salt_pepper_s0.9_m0.009_TV.png
Malamute.bmp,salt_pepper,Moreau-Yosida,0.9000000000000001,0.009000000000000001,29.16726135582494,0.2090318283797827,Testing2\Malamute_salt_pepper_s0.9_m0.009_MoreauYosida.png
Malamute.bmp,salt_pepper,TV,1.0000000000000002,0.010000000000000002,28.428961265945006,0.09792760022284673,Testing2\Malamute_salt_pepper_s1.0_m0.010_TV.png
Malamute.bmp,salt_pepper,Moreau-Yosida,1.0000000000000002,0.010000000000000002,29.180095679888012,0.2119949732814432,Testing2\Malamute_salt_pepper_s1.0_m0.010_MoreauYosida.png
Malamute.bmp,gaussian,TV,0.1,0.001,30.289745525155194,0.3848951790034324,Testing2\Malamute_gaussian_s0.1_m0.001_TV.png
Malamute.bmp,gaussian,Moreau-Yosida,0.1,0.001,29.51526898978695,0.204944780330164,Testing2\Malamute_gaussian_s0.1_m0.001_MoreauYosida.png
Malamute.bmp,gaussian,TV,0.2,0.002,29.595983377113193,0.2547875417136626,Testing2\Malamute_gaussian_s0.2_m0.002_TV.png
Malamute.bmp,gaussian,Moreau-Yosida,0.2,0.002,29.549146443259417,0.2105116033329447,Testing2\Malamute_gaussian_s0.2_m0.002_MoreauYosida.png
Malamute.bmp,gaussian,TV,0.3,0.003,29.273340543892633,0.20132208854271608,Testing2\Malamute_gaussian_s0.3_m0.003_TV.png
Malamute.bmp,gaussian,Moreau-Yosida,0.3,0.003,29.57762433459522,0.2160743384102037,Testing2\Malamute_gaussian_s0.3_m0.003_MoreauYosida.png
Malamute.bmp,gaussian,TV,0.4,0.004,29.070116187462816,0.1702432034232948,Testing2\Malamute_gaussian_s0.4_m0.004_TV.png
Malamute.bmp,gaussian,Moreau-Yosida,0.4,0.004,29.609991931672617,0.2213092723318491,Testing2\Malamute_gaussian_s0.4_m0.004_MoreauYosida.png
Malamute.bmp,gaussian,TV,0.5,0.005,28.926151644954782,0.15052271076491397,Testing2\Malamute_gaussian_s0.5_m0.005_TV.png
Malamute.bmp,gaussian,Moreau-Yosida,0.5,0.005,29.64818578253287,0.22827486400770297,Testing2\Malamute_gaussian_s0.5_m0.005_MoreauYosida.png
Malamute.bmp,gaussian,TV,0.6,0.006,28.81626015904122,0.1359481567171808,Testing2\Malamute_gaussian_s0.6_m0.006_TV.png
Malamute.bmp,gaussian,Moreau-Yosida,0.6,0.006,29.673393906438616,0.23327459082356836,Testing2\Malamute_gaussian_s0.6_m0.006_MoreauYosida.png
Malamute.bmp,gaussian,TV,0.7000000000000001,0.007,28.735308195403135,0.12580994433297515,Testing2\Malamute_gaussian_s0.7_m0.007_TV.png
Malamute.bmp,gaussian,Moreau-Yosida,0.7000000000000001,0.007,29.698321207269988,0.23801007032602972,Testing2\Malamute_gaussian_s0.7_m0.007_MoreauYosida.png
Malamute.bmp,gaussian,TV,0.8,0.008,28.665334289626557,0.11728824573506581,Testing2\Malamute_gaussian_s0.8_m0.008_TV.png
Malamute.bmp,gaussian,Moreau-Yosida,0.8,0.008,29.732583059225007,0.24460002481159004,Testing2\Malamute_gaussian_s0.8_m0.008_MoreauYosida.png
Malamute.bmp,gaussian,TV,0.9000000000000001,0.009000000000000001,28.608552759753785,0.11022200217146284,Testing2\Malamute_gaussian_s0.9_m0.009_TV.png
Malamute.bmp,gaussian,Moreau-Yosida,0.9000000000000001,0.009000000000000001,29.76726541423346,0.2509055321239882,Testing2\Malamute_gaussian_s0.9_m0.009_MoreauYosida.png
Malamute.bmp,gaussian,TV,1.0000000000000002,0.010000000000000002,28.558745437609623,0.10412521187904543,Testing2\Malamute_gaussian_s1.0_m0.010_TV.png
Malamute.bmp,gaussian,Moreau-Yosida,1.0000000000000002,0.010000000000000002,29.788767846919114,0.2552434668574708,Testing2\Malamute_gaussian_s1.0_m0.010_MoreauYosida.png
pens.bmp,salt_pepper,TV,0.1,0.001,30.105622098617868,0.3825861797209865,Testing2\pens_salt_pepper_s0.1_m0.001_TV.png
pens.bmp,salt_pepper,Moreau-Yosida,0.1,0.001,37.33679454882915,0.3296203573257489,Testing2\pens_salt_pepper_s0.1_m0.001_MoreauYosida.png
pens.bmp,salt_pepper,TV,0.2,0.002,29.37296064039387,0.34885482388327144,Testing2\pens_salt_pepper_s0.2_m0.002_TV.png
pens.bmp,salt_pepper,Moreau-Yosida,0.2,0.002,37.680585385752664,0.3324067776405206,Testing2\pens_salt_pepper_s0.2_m0.002_MoreauYosida.png
pens.bmp,salt_pepper,TV,0.3,0.003,29.201110400994132,0.309564626860693,Testing2\pens_salt_pepper_s0.3_m0.003_TV.png
pens.bmp,salt_pepper,Moreau-Yosida,0.3,0.003,29.70293960108435,0.37493148314685126,Testing2\pens_salt_pepper_s0.3_m0.003_MoreauYosida.png
pens.bmp,salt_pepper,TV,0.4,0.004,29.03052528586404,0.2787637256496121,Testing2\pens_salt_pepper_s0.4_m0.004_TV.png
pens.bmp,salt_pepper,Moreau-Yosida,0.4,0.004,29.883006709769614,0.3765572712663922,Testing2\pens_salt_pepper_s0.4_m0.004_MoreauYosida.png
pens.bmp,salt_pepper,TV,0.5,0.005,28.94433475172947,0.2531995606690814,Testing2\pens_salt_pepper_s0.5_m0.005_TV.png
pens.bmp,salt_pepper,Moreau-Yosida,0.5,0.005,29.91032272572383,0.3749849721062543,Testing2\pens_salt_pepper_s0.5_m0.005_MoreauYosida.png
pens.bmp,salt_pepper,TV,0.6,0.006,28.811394003191083,0.23121661135874857,Testing2\pens_salt_pepper_s0.6_m0.006_TV.png
pens.bmp,salt_pepper,Moreau-Yosida,0.6,0.006,29.94372153164662,0.37323544605230907,Testing2\pens_salt_pepper_s0.6_m0.006_MoreauYosida.png
pens.bmp,salt_pepper,TV,0.7000000000000001,0.007,28.698543413358912,0.21143399831537363,Testing2\pens_salt_pepper_s0.7_m0.007_TV.png
pens.bmp,salt_pepper,Moreau-Yosida,0.7000000000000001,0.007,30.00865998004081,0.37119540637121484,Testing2\pens_salt_pepper_s0.7_m0.007_MoreauYosida.png
pens.bmp,salt_pepper,TV,0.8,0.008,28.613728275371834,0.1945824204516211,Testing2\pens_salt_pepper_s0.8_m0.008_TV.png
pens.bmp,salt_pepper,Moreau-Yosida,0.8,0.008,30.12173858710533,0.3675765625694667,Testing2\pens_salt_pepper_s0.8_m0.008_MoreauYosida.png
pens.bmp,salt_pepper,TV,0.9000000000000001,0.009000000000000001,28.56143470892902,0.18073125197748105,Testing2\pens_salt_pepper_s0.9_m0.009_TV.png
pens.bmp,salt_pepper,Moreau-Yosida,0.9000000000000001,0.009000000000000001,30.182540214087673,0.3648577962863129,Testing2\pens_salt_pepper_s0.9_m0.009_MoreauYosida.png
pens.bmp,salt_pepper,TV,1.0000000000000002,0.010000000000000002,28.485074961384772,0.1662821528604053,Testing2\pens_salt_pepper_s1.0_m0.010_TV.png
pens.bmp,salt_pepper,Moreau-Yosida,1.0000000000000002,0.010000000000000002,30.241641859669034,0.3623323572074175,Testing2\pens_salt_pepper_s1.0_m0.010_MoreauYosida.png
pens.bmp,gaussian,TV,0.1,0.001,31.140397116700996,0.46688155266489006,Testing2\pens_gaussian_s0.1_m0.001_TV.png
pens.bmp,gaussian,Moreau-Yosida,0.1,0.001,30.029018728407387,0.36733920331558484,Testing2\pens_gaussian_s0.1_m0.001_MoreauYosida.png
pens.bmp,gaussian,TV,0.2,0.002,29.99263734965217,0.3700017257896466,Testing2\pens_gaussian_s0.2_m0.002_TV.png
pens.bmp,gaussian,Moreau-Yosida,0.2,0.002,30.12488762681655,0.37335288353194007,Testing2\pens_gaussian_s0.2_m0.002_MoreauYosida.png
pens.bmp,gaussian,TV,0.3,0.003,29.544727767604936,0.32494390699379944,Testing2\pens_gaussian_s0.3_m0.003_TV.png
pens.bmp,gaussian,Moreau-Yosida,0.3,0.003,30.216942877944962,0.3794930570731836,Testing2\pens_gaussian_s0.3_m0.003_MoreauYosida.png
pens.bmp,gaussian,TV,0.4,0.004,29.341423161969598,0.2942193753523355,Testing2\pens_gaussian_s0.4_m0.004_TV.png
pens.bmp,gaussian,Moreau-Yosida,0.4,0.004,30.272940303238617,0.3833572987232398,Testing2\pens_gaussian_s0.4_m0.004_MoreauYosida.png
pens.bmp,gaussian,TV,0.5,0.005,29.142554539234435,0.26682773974144597,Testing2\pens_gaussian_s0.5_m0.005_TV.png
pens.bmp,gaussian,Moreau-Yosida,0.5,0.005,30.342202674018395,0.38856756570308876,Testing2\pens_gaussian_s0.5_m0.005_MoreauYosida.png
pens.bmp,gaussian,TV,0.6,0.006,29.007336917225707,0.2450662299131531,Testing2\pens_gaussian_s0.6_m0.006_TV.png
pens.bmp,gaussian,Moreau-Yosida,0.6,0.006,30.421026602392025,0.3937202292081277,Testing2\pens_gaussian_s0.6_m0.006_MoreauYosida.png
pens.bmp,gaussian,TV,0.7000000000000001,0.007,28.892288091511574,0.2258718049354442,Testing2\pens_gaussian_s0.7_m0.007_TV.png
pens.bmp,gaussian,Moreau-Yosida,0.7000000000000001,0.007,30.483268673162,0.39883117931772016,Testing2\pens_gaussian_s0.7_m0.007_MoreauYosida.png
pens.bmp,gaussian,TV,0.8,0.008,28.738699206257866,0.20668177721195782,Testing2\pens_gaussian_s0.8_m0.008_TV.png
pens.bmp,gaussian,Moreau-Yosida,0.8,0.008,30.516165397913788,0.4012845939140428,Testing2\pens_gaussian_s0.8_m0.008_MoreauYosida.png
pens.bmp,gaussian,TV,0.9000000000000001,0.009000000000000001,28.683517230791935,0.19170052985090688,Testing2\pens_gaussian_s0.9_m0.009_TV.png
pens.bmp,gaussian,Moreau-Yosida,0.9000000000000001,0.009000000000000001,30.552431397884355,0.40326184541171317,Testing2\pens_gaussian_s0.9_m0.009_MoreauYosida.png
pens.bmp,gaussian,TV,1.0000000000000002,0.010000000000000002,28.645822698464226,0.1784552875999241,Testing2\pens_gaussian_s1.0_m0.010_TV.png
pens.bmp,gaussian,Moreau-Yosida,1.0000000000000002,0.010000000000000002,30.60599536589681,0.408016864652562,Testing2\pens_gaussian_s1.0_m0.010_MoreauYosida.png
flowers.ppm,salt_pepper,TV,0.1,0.001,29.92447692358454,0.3346481186024536,Testing2\flowers_salt_pepper_s0.1_m0.001_TV.png
flowers.ppm,salt_pepper,Moreau-Yosida,0.1,0.001,29.351492043638633,0.21023113136454885,Testing2\flowers_salt_pepper_s0.1_m0.001_MoreauYosida.png
flowers.ppm,salt_pepper,TV,0.2,0.002,29.335316809376813,0.23775973439624098,Testing2\flowers_salt_pepper_s0.2_m0.002_TV.png
flowers.ppm,salt_pepper,Moreau-Yosida,0.2,0.002,29.354265866347326,0.21030443751836164,Testing2\flowers_salt_pepper_s0.2_m0.002_MoreauYosida.png
flowers.ppm,salt_pepper,TV,0.3,0.003,29.220538575001083,0.1767716742582275,Testing2\flowers_salt_pepper_s0.3_m0.003_TV.png
flowers.ppm,salt_pepper,Moreau-Yosida,0.3,0.003,29.38087118277428,0.21765291985145707,Testing2\flowers_salt_pepper_s0.3_m0.003_MoreauYosida.png
flowers.ppm,salt_pepper,TV,0.4,0.004,29.111853364063553,0.14209264573574978,Testing2\flowers_salt_pepper_s0.4_m0.004_TV.png
flowers.ppm,salt_pepper,Moreau-Yosida,0.4,0.004,29.449481216717647,0.23319724580718718,Testing2\flowers_salt_pepper_s0.4_m0.004_MoreauYosida.png
flowers.ppm,salt_pepper,TV,0.5,0.005,28.97636271348525,0.11706695208719632,Testing2\flowers_salt_pepper_s0.5_m0.005_TV.png
flowers.ppm,salt_pepper,Moreau-Yosida,0.5,0.005,29.450904595282836,0.23255145561489213,Testing2\flowers_salt_pepper_s0.5_m0.005_MoreauYosida.png
flowers.ppm,salt_pepper,TV,0.6,0.006,28.885048763975597,0.09997416998807869,Testing2\flowers_salt_pepper_s0.6_m0.006_TV.png
flowers.ppm,salt_pepper,Moreau-Yosida,0.6,0.006,29.465130821036713,0.23887391727233276,Testing2\flowers_salt_pepper_s0.6_m0.006_MoreauYosida.png
flowers.ppm,salt_pepper,TV,0.7000000000000001,0.007,28.82725232667557,0.08616857714599493,Testing2\flowers_salt_pepper_s0.7_m0.007_TV.png
flowers.ppm,salt_pepper,Moreau-Yosida,0.7000000000000001,0.007,29.46777254472333,0.24058492991910102,Testing2\flowers_salt_pepper_s0.7_m0.007_MoreauYosida.png
flowers.ppm,salt_pepper,TV,0.8,0.008,28.752144988726926,0.07382836659301997,Testing2\flowers_salt_pepper_s0.8_m0.008_TV.png
flowers.ppm,salt_pepper,Moreau-Yosida,0.8,0.008,29.47347657450265,0.24130446231765665,Testing2\flowers_salt_pepper_s0.8_m0.008_MoreauYosida.png
flowers.ppm,salt_pepper,TV,0.9000000000000001,0.009000000000000001,28.730407741680878,0.0657520459935545,Testing2\flowers_salt_pepper_s0.9_m0.009_TV.png
flowers.ppm,salt_pepper,Moreau-Yosida,0.9000000000000001,0.009000000000000001,29.455148563273408,0.23799670287761127,Testing2\flowers_salt_pepper_s0.9_m0.009_MoreauYosida.png
flowers.ppm,salt_pepper,TV,1.0000000000000002,0.010000000000000002,28.68794921951197,0.058723600386236134,Testing2\flowers_salt_pepper_s1.0_m0.010_TV.png
flowers.ppm,salt_pepper,Moreau-Yosida,1.0000000000000002,0.010000000000000002,29.47944897065801,0.24303050081692523,Testing2\flowers_salt_pepper_s1.0_m0.010_MoreauYosida.png
flowers.ppm,gaussian,TV,0.1,0.001,30.392423759126615,0.3887344412918152,Testing2\flowers_gaussian_s0.1_m0.001_TV.png
flowers.ppm,gaussian,Moreau-Yosida,0.1,0.001,29.533957849096893,0.20903958550870308,Testing2\flowers_gaussian_s0.1_m0.001_MoreauYosida.png
flowers.ppm,gaussian,TV,0.2,0.002,29.601891226408284,0.25460758154063357,Testing2\flowers_gaussian_s0.2_m0.002_TV.png
flowers.ppm,gaussian,Moreau-Yosida,0.2,0.002,29.57857870431386,0.21898775059558354,Testing2\flowers_gaussian_s0.2_m0.002_MoreauYosida.png
flowers.ppm,gaussian,TV,0.3,0.003,29.259339060028054,0.19027106415857176,Testing2\flowers_gaussian_s0.3_m0.003_TV.png
flowers.ppm,gaussian,Moreau-Yosida,0.3,0.003,29.60543148948338,0.2230072089086688,Testing2\flowers_gaussian_s0.3_m0.003_MoreauYosida.png
flowers.ppm,gaussian,TV,0.4,0.004,29.119968956096002,0.1537174591483617,Testing2\flowers_gaussian_s0.4_m0.004_TV.png
flowers.ppm,gaussian,Moreau-Yosida,0.4,0.004,29.663289829785885,0.23470660302963756,Testing2\flowers_gaussian_s0.4_m0.004_MoreauYosida.png
flowers.ppm,gaussian,TV,0.5,0.005,29.069086649365524,0.12750477488435766,Testing2\flowers_gaussian_s0.5_m0.005_TV.png
flowers.ppm,gaussian,Moreau-Yosida,0.5,0.005,29.671084417518088,0.23884454000237765,Testing2\flowers_gaussian_s0.5_m0.005_MoreauYosida.png
flowers.ppm,gaussian,TV,0.6,0.006,29.003732000265604,0.10902506035636758,Testing2\flowers_gaussian_s0.6_m0.006_TV.png
flowers.ppm,gaussian,Moreau-Yosida,0.6,0.006,29.71218617197421,0.24713091721362812,Testing2\flowers_gaussian_s0.6_m0.006_MoreauYosida.png
flowers.ppm,gaussian,TV,0.7000000000000001,0.007,28.952000135446845,0.09283673183240508,Testing2\flowers_gaussian_s0.7_m0.007_TV.png
flowers.ppm,gaussian,Moreau-Yosida,0.7000000000000001,0.007,29.721933207404653,0.2508789193856968,Testing2\flowers_gaussian_s0.7_m0.007_MoreauYosida.png
flowers.ppm,gaussian,TV,0.8,0.008,28.887745677697183,0.08209409387599907,Testing2\flowers_gaussian_s0.8_m0.008_TV.png
flowers.ppm,gaussian,Moreau-Yosida,0.8,0.008,29.74279469790748,0.25632045268171716,Testing2\flowers_gaussian_s0.8_m0.008_MoreauYosida.png
flowers.ppm,gaussian,TV,0.9000000000000001,0.009000000000000001,28.850107594332354,0.07419489604937533,Testing2\flowers_gaussian_s0.9_m0.009_TV.png
flowers.ppm,gaussian,Moreau-Yosida,0.9000000000000001,0.009000000000000001,29.78804313777313,0.263586934245172,Testing2\flowers_gaussian_s0.9_m0.009_MoreauYosida.png
flowers.ppm,gaussian,TV,1.0000000000000002,0.010000000000000002,28.821651422624118,0.06537740394217209,Testing2\flowers_gaussian_s1.0_m0.010_TV.png
flowers.ppm,gaussian,Moreau-Yosida,1.0000000000000002,0.010000000000000002,29.83448720407867,0.2728118214711894,Testing2\flowers_gaussian_s1.0_m0.010_MoreauYosida.png
soccer.ppm,salt_pepper,TV,0.1,0.001,29.380512843385244,0.37181970758575267,Testing2\soccer_salt_pepper_s0.1_m0.001_TV.png
soccer.ppm,salt_pepper,Moreau-Yosida,0.1,0.001,29.08863424452739,0.30399172721463186,Testing2\soccer_salt_pepper_s0.1_m0.001_MoreauYosida.png
soccer.ppm,salt_pepper,TV,0.2,0.002,28.79634720410172,0.24117472880478302,Testing2\soccer_salt_pepper_s0.2_m0.002_TV.png
soccer.ppm,salt_pepper,Moreau-Yosida,0.2,0.002,29.09833059862571,0.3051952764148184,Testing2\soccer_salt_pepper_s0.2_m0.002_MoreauYosida.png
soccer.ppm,salt_pepper,TV,0.3,0.003,28.58240024322378,0.16869409207987193,Testing2\soccer_salt_pepper_s0.3_m0.003_TV.png
soccer.ppm,salt_pepper,Moreau-Yosida,0.3,0.003,29.118664270696915,0.3104830981712644,Testing2\soccer_salt_pepper_s0.3_m0.003_MoreauYosida.png
soccer.ppm,salt_pepper,TV,0.4,0.004,28.47961760160999,0.12440167682017204,Testing2\soccer_salt_pepper_s0.4_m0.004_TV.png
soccer.ppm,salt_pepper,Moreau-Yosida,0.4,0.004,29.15104789001136,0.3191602785230701,Testing2\soccer_salt_pepper_s0.4_m0.004_MoreauYosida.png
soccer.ppm,salt_pepper,TV,0.5,0.005,28.384160043172017,0.09472990918928494,Testing2\soccer_salt_pepper_s0.5_m0.005_TV.png
soccer.ppm,salt_pepper,Moreau-Yosida,0.5,0.005,29.057703167756795,0.29330491478699994,Testing2\soccer_salt_pepper_s0.5_m0.005_MoreauYosida.png
soccer.ppm,salt_pepper,TV,0.6,0.006,28.323919131889618,0.07326327503792744,Testing2\soccer_salt_pepper_s0.6_m0.006_TV.png
soccer.ppm,salt_pepper,Moreau-Yosida,0.6,0.006,29.155222385935645,0.3192982831263533,Testing2\soccer_salt_pepper_s0.6_m0.006_MoreauYosida.png
soccer.ppm,salt_pepper,TV,0.7000000000000001,0.007,28.293938150313814,0.059117443690788155,Testing2\soccer_salt_pepper_s0.7_m0.007_TV.png
soccer.ppm,salt_pepper,Moreau-Yosida,0.7000000000000001,0.007,29.163768367792308,0.3193496606589037,Testing2\soccer_salt_pepper_s0.7_m0.007_MoreauYosida.png
soccer.ppm,salt_pepper,TV,0.8,0.008,28.293218421502306,0.05049231511334351,Testing2\soccer_salt_pepper_s0.8_m0.008_TV.png
soccer.ppm,salt_pepper,Moreau-Yosida,0.8,0.008,29.254478614874678,0.3349418143910136,Testing2\soccer_salt_pepper_s0.8_m0.008_MoreauYosida.png
soccer.ppm,salt_pepper,TV,0.9000000000000001,0.009000000000000001,28.278173651049123,0.04552951138083087,Testing2\soccer_salt_pepper_s0.9_m0.009_TV.png
soccer.ppm,salt_pepper,Moreau-Yosida,0.9000000000000001,0.009000000000000001,29.272449847511588,0.33714727256684024,Testing2\soccer_salt_pepper_s0.9_m0.009_MoreauYosida.png
soccer.ppm,salt_pepper,TV,1.0000000000000002,0.010000000000000002,28.2820902015277,0.04021591948132757,Testing2\soccer_salt_pepper_s1.0_m0.010_TV.png
soccer.ppm,salt_pepper,Moreau-Yosida,1.0000000000000002,0.010000000000000002,29.284105817084814,0.33952896306205166,Testing2\soccer_salt_pepper_s1.0_m0.010_MoreauYosida.png
soccer.ppm,gaussian,TV,0.1,0.001,29.677620132898596,0.41727628220041874,Testing2\soccer_gaussian_s0.1_m0.001_TV.png
soccer.ppm,gaussian,Moreau-Yosida,0.1,0.001,29.062281331834253,0.24145674949366114,Testing2\soccer_gaussian_s0.1_m0.001_MoreauYosida.png
soccer.ppm,gaussian,TV,0.2,0.002,29.071084818066094,0.2577178163114856,Testing2\soccer_gaussian_s0.2_m0.002_TV.png
soccer.ppm,gaussian,Moreau-Yosida,0.2,0.002,29.08981025767925,0.24749004095949623,Testing2\soccer_gaussian_s0.2_m0.002_MoreauYosida.png
soccer.ppm,gaussian,TV,0.3,0.003,28.778874824823816,0.18257943551741532,Testing2\soccer_gaussian_s0.3_m0.003_TV.png
soccer.ppm,gaussian,Moreau-Yosida,0.3,0.003,29.10734826576157,0.2551816127453893,Testing2\soccer_gaussian_s0.3_m0.003_MoreauYosida.png
soccer.ppm,gaussian,TV,0.4,0.004,28.555899122796284,0.13616125192432932,Testing2\soccer_gaussian_s0.4_m0.004_TV.png
soccer.ppm,gaussian,Moreau-Yosida,0.4,0.004,29.13681129288033,0.2627132462800264,Testing2\soccer_gaussian_s0.4_m0.004_MoreauYosida.png
soccer.ppm,gaussian,TV,0.5,0.005,28.448551314568693,0.1036118918014868,Testing2\soccer_gaussian_s0.5_m0.005_TV.png
soccer.ppm,gaussian,Moreau-Yosida,0.5,0.005,29.171397378404357,0.27279613652931595,Testing2\soccer_gaussian_s0.5_m0.005_MoreauYosida.png
soccer.ppm,gaussian,TV,0.6,0.006,28.38029413646137,0.0814668893012605,Testing2\soccer_gaussian_s0.6_m0.006_TV.png
soccer.ppm,gaussian,Moreau-Yosida,0.6,0.006,29.187373860628334,0.27863766521109995,Testing2\soccer_gaussian_s0.6_m0.006_MoreauYosida.png
soccer.ppm,gaussian,TV,0.7000000000000001,0.007,28.34548024696582,0.06583717420582215,Testing2\soccer_gaussian_s0.7_m0.007_TV.png
soccer.ppm,gaussian,Moreau-Yosida,0.7000000000000001,0.007,29.22418739894357,0.288061240240224,Testing2\soccer_gaussian_s0.7_m0.007_MoreauYosida.png
soccer.ppm,gaussian,TV,0.8,0.008,28.318248974884185,0.05597869147373242,Testing2\soccer_gaussian_s0.8_m0.008_TV.png
soccer.ppm,gaussian,Moreau-Yosida,0.8,0.008,29.234769341865995,0.2904563682174441,Testing2\soccer_gaussian_s0.8_m0.008_MoreauYosida.png
soccer.ppm,gaussian,TV,0.9000000000000001,0.009000000000000001,28.30196396464791,0.04915218962931957,Testing2\soccer_gaussian_s0.9_m0.009_TV.png
soccer.ppm,gaussian,Moreau-Yosida,0.9000000000000001,0.009000000000000001,29.267058470115018,0.2987126643592916,Testing2\soccer_gaussian_s0.9_m0.009_MoreauYosida.png
soccer.ppm,gaussian,TV,1.0000000000000002,0.010000000000000002,28.29585739860891,0.04499743551824091,Testing2\soccer_gaussian_s1.0_m0.010_TV.png
soccer.ppm,gaussian,Moreau-Yosida,1.0000000000000002,0.010000000000000002,29.279570347522608,0.30324593622568186,Testing2\soccer_gaussian_s1.0_m0.010_MoreauYosida.png
yacht.ppm,salt_pepper,TV,0.1,0.001,30.412208661410368,0.29805389950739103,Testing2\yacht_salt_pepper_s0.1_m0.001_TV.png
yacht.ppm,salt_pepper,Moreau-Yosida,0.1,0.001,37.0479693355651,0.3376144867856517,Testing2\yacht_salt_pepper_s0.1_m0.001_MoreauYosida.png
yacht.ppm,salt_pepper,TV,0.2,0.002,29.49266220875043,0.22120126141633709,Testing2\yacht_salt_pepper_s0.2_m0.002_TV.png
yacht.ppm,salt_pepper,Moreau-Yosida,0.2,0.002,37.412224653287424,0.34007368949261607,Testing2\yacht_salt_pepper_s0.2_m0.002_MoreauYosida.png
yacht.ppm,salt_pepper,TV,0.3,0.003,29.13987357589952,0.17671582998510332,Testing2\yacht_salt_pepper_s0.3_m0.003_TV.png
yacht.ppm,salt_pepper,Moreau-Yosida,0.3,0.003,37.90742085015631,0.3422253212323636,Testing2\yacht_salt_pepper_s0.3_m0.003_MoreauYosida.png
yacht.ppm,salt_pepper,TV,0.4,0.004,28.973112991749844,0.14772229685213364,Testing2\yacht_salt_pepper_s0.4_m0.004_TV.png
yacht.ppm,salt_pepper,Moreau-Yosida,0.4,0.004,38.1610260401991,0.3443254351170167,Testing2\yacht_salt_pepper_s0.4_m0.004_MoreauYosida.png
yacht.ppm,salt_pepper,TV,0.5,0.005,28.827162498247034,0.12769654602310723,Testing2\yacht_salt_pepper_s0.5_m0.005_TV.png
yacht.ppm,salt_pepper,Moreau-Yosida,0.5,0.005,38.387163241725375,0.3452546728653367,Testing2\yacht_salt_pepper_s0.5_m0.005_MoreauYosida.png
yacht.ppm,salt_pepper,TV,0.6,0.006,28.707133715833013,0.11447027606552611,Testing2\yacht_salt_pepper_s0.6_m0.006_TV.png
yacht.ppm,salt_pepper,Moreau-Yosida,0.6,0.006,29.28333198749283,0.16455335305100388,Testing2\yacht_salt_pepper_s0.6_m0.006_MoreauYosida.png
yacht.ppm,salt_pepper,TV,0.7000000000000001,0.007,28.589007861196016,0.10374030101850724,Testing2\yacht_salt_pepper_s0.7_m0.007_TV.png
yacht.ppm,salt_pepper,Moreau-Yosida,0.7000000000000001,0.007,29.288586968002406,0.16632490623974436,Testing2\yacht_salt_pepper_s0.7_m0.007_MoreauYosida.png
yacht.ppm,salt_pepper,TV,0.8,0.008,28.481645993605248,0.09558728953096107,Testing2\yacht_salt_pepper_s0.8_m0.008_TV.png
yacht.ppm,salt_pepper,Moreau-Yosida,0.8,0.008,29.333825507485738,0.17178578373594916,Testing2\yacht_salt_pepper_s0.8_m0.008_MoreauYosida.png
yacht.ppm,salt_pepper,TV,0.9000000000000001,0.009000000000000001,28.419026226234628,0.08831437898556897,Testing2\yacht_salt_pepper_s0.9_m0.009_TV.png
yacht.ppm,salt_pepper,Moreau-Yosida,0.9000000000000001,0.009000000000000001,29.320050071948938,0.17228848666138497,Testing2\yacht_salt_pepper_s0.9_m0.009_MoreauYosida.png
yacht.ppm,salt_pepper,TV,1.0000000000000002,0.010000000000000002,28.376467197637886,0.08153568292515145,Testing2\yacht_salt_pepper_s1.0_m0.010_TV.png
yacht.ppm,salt_pepper,Moreau-Yosida,1.0000000000000002,0.010000000000000002,29.31544210868016,0.1724124840538541,Testing2\yacht_salt_pepper_s1.0_m0.010_MoreauYosida.png
yacht.ppm,gaussian,TV,0.1,0.001,30.988568477330944,0.3393662494129666,Testing2\yacht_gaussian_s0.1_m0.001_TV.png
yacht.ppm,gaussian,Moreau-Yosida,0.1,0.001,32.51740526156065,0.6330744563987407,Testing2\yacht_gaussian_s0.1_m0.001_MoreauYosida.png
yacht.ppm,gaussian,TV,0.2,0.002,30.054842025622804,0.23795485635529876,Testing2\yacht_gaussian_s0.2_m0.002_TV.png
yacht.ppm,gaussian,Moreau-Yosida,0.2,0.002,32.492655285063556,0.624383826617345,Testing2\yacht_gaussian_s0.2_m0.002_MoreauYosida.png
yacht.ppm,gaussian,TV,0.3,0.003,29.479979879276968,0.1897371094727134,Testing2\yacht_gaussian_s0.3_m0.003_TV.png
yacht.ppm,gaussian,Moreau-Yosida,0.3,0.003,32.57641282769217,0.6353624220151575,Testing2\yacht_gaussian_s0.3_m0.003_MoreauYosida.png
yacht.ppm,gaussian,TV,0.4,0.004,29.181645581032868,0.15931896850253657,Testing2\yacht_gaussian_s0.4_m0.004_TV.png
yacht.ppm,gaussian,Moreau-Yosida,0.4,0.004,32.561067641673176,0.6280988097938998,Testing2\yacht_gaussian_s0.4_m0.004_MoreauYosida.png
yacht.ppm,gaussian,TV,0.5,0.005,28.999275586093702,0.13757088569425688,Testing2\yacht_gaussian_s0.5_m0.005_TV.png
yacht.ppm,gaussian,Moreau-Yosida,0.5,0.005,29.75254449897443,0.18026520793341166,Testing2\yacht_gaussian_s0.5_m0.005_MoreauYosida.png
yacht.ppm,gaussian,TV,0.6,0.006,28.902679898098395,0.12324624094947544,Testing2\yacht_gaussian_s0.6_m0.006_TV.png
yacht.ppm,gaussian,Moreau-Yosida,0.6,0.006,29.82683484524106,0.18676401968946443,Testing2\yacht_gaussian_s0.6_m0.006_MoreauYosida.png
yacht.ppm,gaussian,TV,0.7000000000000001,0.007,28.769734371654714,0.11253444483130427,Testing2\yacht_gaussian_s0.7_m0.007_TV.png
yacht.ppm,gaussian,Moreau-Yosida,0.7000000000000001,0.007,29.91640643183711,0.1941354896989033,Testing2\yacht_gaussian_s0.7_m0.007_MoreauYosida.png
yacht.ppm,gaussian,TV,0.8,0.008,28.66037262730588,0.1041385694211213,Testing2\yacht_gaussian_s0.8_m0.008_TV.png
yacht.ppm,gaussian,Moreau-Yosida,0.8,0.008,29.926284448535434,0.1963084991011482,Testing2\yacht_gaussian_s0.8_m0.008_MoreauYosida.png
yacht.ppm,gaussian,TV,0.9000000000000001,0.009000000000000001,28.565328430876985,0.09508438847360427,Testing2\yacht_gaussian_s0.9_m0.009_TV.png
yacht.ppm,gaussian,Moreau-Yosida,0.9000000000000001,0.009000000000000001,30.0115343141023,0.20445630374115925,Testing2\yacht_gaussian_s0.9_m0.009_MoreauYosida.png
yacht.ppm,gaussian,TV,1.0000000000000002,0.010000000000000002,28.473005763562014,0.08821341235648568,Testing2\yacht_gaussian_s1.0_m0.010_TV.png
yacht.ppm,gaussian,Moreau-Yosida,1.0000000000000002,0.010000000000000002,30.021732669730298,0.20685780545722593,Testing2\yacht_gaussian_s1.0_m0.010_MoreauYosida.png
lighthouse.pgm,salt_pepper,TV,0.1,0.001,29.779663656325056,0.23166976897081612,Testing2\lighthouse_salt_pepper_s0.1_m0.001_TV.png
lighthouse.pgm,salt_pepper,Moreau-Yosida,0.1,0.001,29.658630872962192,0.18638766143038346,Testing2\lighthouse_salt_pepper_s0.1_m0.001_MoreauYosida.png
lighthouse.pgm,salt_pepper,TV,0.2,0.002,29.350062677460866,0.14452041608780447,Testing2\lighthouse_salt_pepper_s0.2_m0.002_TV.png
lighthouse.pgm,salt_pepper,Moreau-Yosida,0.2,0.002,29.673816612794436,0.18973280292482317,Testing2\lighthouse_salt_pepper_s0.2_m0.002_MoreauYosida.png
lighthouse.pgm,salt_pepper,TV,0.3,0.003,29.139530672143565,0.10733412898499019,Testing2\lighthouse_salt_pepper_s0.3_m0.003_TV.png
lighthouse.pgm,salt_pepper,Moreau-Yosida,0.3,0.003,29.671710347838555,0.18785881404569663,Testing2\lighthouse_salt_pepper_s0.3_m0.003_MoreauYosida.png
lighthouse.pgm,salt_pepper,TV,0.4,0.004,29.021034820447213,0.08498878017554377,Testing2\lighthouse_salt_pepper_s0.4_m0.004_TV.png
lighthouse.pgm,salt_pepper,Moreau-Yosida,0.4,0.004,29.694463044016793,0.19365148620408434,Testing2\lighthouse_salt_pepper_s0.4_m0.004_MoreauYosida.png
lighthouse.pgm,salt_pepper,TV,0.5,0.005,28.945639541221823,0.06871701480731052,Testing2\lighthouse_salt_pepper_s0.5_m0.005_TV.png
lighthouse.pgm,salt_pepper,Moreau-Yosida,0.5,0.005,29.611666162838688,0.17226101503346097,Testing2\lighthouse_salt_pepper_s0.5_m0.005_MoreauYosida.png
lighthouse.pgm,salt_pepper,TV,0.6,0.006,28.90369269113357,0.05796237252377841,Testing2\lighthouse_salt_pepper_s0.6_m0.006_TV.png
lighthouse.pgm,salt_pepper,Moreau-Yosida,0.6,0.006,29.69844820816428,0.19371428529088375,Testing2\lighthouse_salt_pepper_s0.6_m0.006_MoreauYosida.png
lighthouse.pgm,salt_pepper,TV,0.7000000000000001,0.007,28.881507148057324,0.05180850738536319,Testing2\lighthouse_salt_pepper_s0.7_m0.007_TV.png
lighthouse.pgm,salt_pepper,Moreau-Yosida,0.7000000000000001,0.007,29.706954147302177,0.19365213448397348,Testing2\lighthouse_salt_pepper_s0.7_m0.007_MoreauYosida.png
lighthouse.pgm,salt_pepper,TV,0.8,0.008,28.850804063367164,0.04741586968689357,Testing2\lighthouse_salt_pepper_s0.8_m0.008_TV.png
lighthouse.pgm,salt_pepper,Moreau-Yosida,0.8,0.008,29.690554845250198,0.1911525318890263,Testing2\lighthouse_salt_pepper_s0.8_m0.008_MoreauYosida.png
lighthouse.pgm,salt_pepper,TV,0.9000000000000001,0.009000000000000001,28.818780660563363,0.04304786180784482,Testing2\lighthouse_salt_pepper_s0.9_m0.009_TV.png
lighthouse.pgm,salt_pepper,Moreau-Yosida,0.9000000000000001,0.009000000000000001,29.69495748650121,0.19125971400712605,Testing2\lighthouse_salt_pepper_s0.9_m0.009_MoreauYosida.png
lighthouse.pgm,salt_pepper,TV,1.0000000000000002,0.010000000000000002,28.785534961886007,0.039852046025522656,Testing2\lighthouse_salt_pepper_s1.0_m0.010_TV.png
lighthouse.pgm,salt_pepper,Moreau-Yosida,1.0000000000000002,0.010000000000000002,29.713061157314222,0.19794346752481282,Testing2\lighthouse_salt_pepper_s1.0_m0.010_MoreauYosida.png
lighthouse.pgm,gaussian,TV,0.1,0.001,29.965721735955317,0.24953587639772615,Testing2\lighthouse_gaussian_s0.1_m0.001_TV.png
lighthouse.pgm,gaussian,Moreau-Yosida,0.1,0.001,30.850749355996435,0.5545845292960816,Testing2\lighthouse_gaussian_s0.1_m0.001_MoreauYosida.png
lighthouse.pgm,gaussian,TV,0.2,0.002,29.49616045977139,0.15606645543773778,Testing2\lighthouse_gaussian_s0.2_m0.002_TV.png
lighthouse.pgm,gaussian,Moreau-Yosida,0.2,0.002,29.575692184434104,0.14085277179349173,Testing2\lighthouse_gaussian_s0.2_m0.002_MoreauYosida.png
lighthouse.pgm,gaussian,TV,0.3,0.003,29.271963907547786,0.11655773432424102,Testing2\lighthouse_gaussian_s0.3_m0.003_TV.png
lighthouse.pgm,gaussian,Moreau-Yosida,0.3,0.003,29.57403484390978,0.14365250274116817,Testing2\lighthouse_gaussian_s0.3_m0.003_MoreauYosida.png
lighthouse.pgm,gaussian,TV,0.4,0.004,29.12349410348867,0.09178552071870476,Testing2\lighthouse_gaussian_s0.4_m0.004_TV.png
lighthouse.pgm,gaussian,Moreau-Yosida,0.4,0.004,29.61712100382353,0.14948517906273953,Testing2\lighthouse_gaussian_s0.4_m0.004_MoreauYosida.png
lighthouse.pgm,gaussian,TV,0.5,0.005,29.042365790260906,0.07540223214611613,Testing2\lighthouse_gaussian_s0.5_m0.005_TV.png
lighthouse.pgm,gaussian,Moreau-Yosida,0.5,0.005,29.6320913451778,0.15339805597456665,Testing2\lighthouse_gaussian_s0.5_m0.005_MoreauYosida.png
lighthouse.pgm,gaussian,TV,0.6,0.006,28.987463933959788,0.06308680220526841,Testing2\lighthouse_gaussian_s0.6_m0.006_TV.png
lighthouse.pgm,gaussian,Moreau-Yosida,0.6,0.006,29.640099038358493,0.15482773074378117,Testing2\lighthouse_gaussian_s0.6_m0.006_MoreauYosida.png
lighthouse.pgm,gaussian,TV,0.7000000000000001,0.007,28.946774699989795,0.055658322084970124,Testing2\lighthouse_gaussian_s0.7_m0.007_TV.png
lighthouse.pgm,gaussian,Moreau-Yosida,0.7000000000000001,0.007,29.652331760389245,0.160332793943966,Testing2\lighthouse_gaussian_s0.7_m0.007_MoreauYosida.png
lighthouse.pgm,gaussian,TV,0.8,0.008,28.922920714198806,0.05201787141361151,Testing2\lighthouse_gaussian_s0.8_m0.008_TV.png
lighthouse.pgm,gaussian,Moreau-Yosida,0.8,0.008,29.66697982069863,0.16351692068085671,Testing2\lighthouse_gaussian_s0.8_m0.008_MoreauYosida.png
lighthouse.pgm,gaussian,TV,0.9000000000000001,0.009000000000000001,28.86560651905279,0.045353704636168425,Testing2\lighthouse_gaussian_s0.9_m0.009_TV.png
lighthouse.pgm,gaussian,Moreau-Yosida,0.9000000000000001,0.009000000000000001,29.680307465853353,0.16623667069537765,Testing2\lighthouse_gaussian_s0.9_m0.009_MoreauYosida.png
lighthouse.pgm,gaussian,TV,1.0000000000000002,0.010000000000000002,28.85362589726837,0.043421978074212504,Testing2\lighthouse_gaussian_s1.0_m0.010_TV.png
lighthouse.pgm,gaussian,Moreau-Yosida,1.0000000000000002,0.010000000000000002,29.698397580729676,0.17141170525309177,Testing2\lighthouse_gaussian_s1.0_m0.010_MoreauYosida.png
